Juniper,,,,,,,,,,,,,,,,,,,,,,,,,,,,,,,,,,,,,,,,,,,,,,,,,,,,,,,,,,,
pglib_opf_case3_lmbd__sad,3,3,5959.312943,0.02,LOCALLY_SOLVED,FEASIBLE_POINT,0,0,Any[],,,,,,,,,,,,,,,,,,,,,,,,,,,,,,,,,,,,,,,,,,,,,,,,,,
pglib_opf_case5_pjm__sad,5,6,26108.84228,1.4,LOCALLY_SOLVED,FEASIBLE_POINT,0,0,Any[],,,,,,,,,,,,,,,,,,,,,,,,,,,,,,,,,,,,,,,,,,,,,,,,,,
pglib_opf_case14_ieee__sad,14,20,2727.522266,7.85,LOCALLY_SOLVED,FEASIBLE_POINT,0,0,Any[],,,,,,,,,,,,,,,,,,,,,,,,,,,,,,,,,,,,,,,,,,,,,,,,,,
pglib_opf_case24_ieee_rts__sad,24,38,75793.96017,46.1,LOCALLY_SOLVED,FEASIBLE_POINT,0,3,"Any[(2, 4), (3, 9), (5, 10)]",,,,,,,,,,,,,,,,,,,,,,,,,,,,,,,,,,,,,,,,,,,,,,,,,,
pglib_opf_case30_as__sad,30,41,893.9284778,73.75,LOCALLY_SOLVED,FEASIBLE_POINT,0,0,Any[],,,,,,,,,,,,,,,,,,,,,,,,,,,,,,,,,,,,,,,,,,,,,,,,,,
pglib_opf_case30_ieee__sad,30,41,8188.571721,26.67,LOCALLY_SOLVED,FEASIBLE_POINT,0,1,"Any[(9, 10)]",,,,,,,,,,,,,,,,,,,,,,,,,,,,,,,,,,,,,,,,,,,,,,,,,,
pglib_opf_case39_epri__sad,39,46,147472.8477,75.2,LOCALLY_SOLVED,FEASIBLE_POINT,0,4,"Any[(14, 15), (3, 4), (12, 11), (17, 18)]",,,,,,,,,,,,,,,,,,,,,,,,,,,,,,,,,,,,,,,,,,,,,,,,,,
pglib_opf_case57_ieee__sad,57,80,38597.75158,390.83,LOCALLY_SOLVED,FEASIBLE_POINT,0,4,"Any[(22, 38), (4, 6), (9, 12), (3, 15)]",,,,,,,,,,,,,,,,,,,,,,,,,,,,,,,,,,,,,,,,,,,,,,,,,,
pglib_opf_case73_ieee_rts__sad,73,120,221416.6702,1051.57,LOCALLY_SOLVED,FEASIBLE_POINT,0,7,"Any[(23, 41), (39, 40), (25, 26), (5, 10), (3, 9), (40, 43), (8, 9)]",,,,,,,,,,,,,,,,,,,,,,,,,,,,,,,,,,,,,,,,,,,,,,,,,,
pglib_opf_case89_pegase__sad,89,210,NaN,7203.5,TIME_LIMIT,INFEASIBLE_POINT, , , ,,,,,,,,,,,,,,,,,,,,,,,,,,,,,,,,,,,,,,,,,,,,,,,,,,
pglib_opf_case118_ieee__sad,118,186,97572.52008,628.53,LOCALLY_SOLVED,FEASIBLE_POINT,0,11,"Any[(50, 57), (49, 54), (18, 19), (41, 42), (27, 32), (40, 42), (35, 36), (51, 52), (51, 58), (64, 61), (66, 67)]",,,,,,,,,,,,,,,,,,,,,,,,,,,,,,,,,,,,,,,,,,,,,,,,,,
pglib_opf_case162_ieee_dtc__sad,162,284,NaN,7202.17,TIME_LIMIT,INFEASIBLE_POINT, , , ,,,,,,,,,,,,,,,,,,,,,,,,,,,,,,,,,,,,,,,,,,,,,,,,,,
pglib_opf_case179_goc__sad,179,263,NaN,7202.64,TIME_LIMIT,INFEASIBLE_POINT, , , ,,,,,,,,,,,,,,,,,,,,,,,,,,,,,,,,,,,,,,,,,,,,,,,,,,
pglib_opf_case200_activ__sad,200,245,27557.5724,1.1,LOCALLY_SOLVED,FEASIBLE_POINT,1.96E-05,0,Any[],,,,,,,,,,,,,,,,,,,,,,,,,,,,,,,,,,,,,,,,,,,,,,,,,,
pglib_opf_case240_pserc__sad,240,448,NaN,7219.76,TIME_LIMIT,INFEASIBLE_POINT, , , ,,,,,,,,,,,,,,,,,,,,,,,,,,,,,,,,,,,,,,,,,,,,,,,,,,
pglib_opf_case300_ieee__sad,300,411,NaN,7205.82,TIME_LIMIT,INFEASIBLE_POINT, , , ,,,,,,,,,,,,,,,,,,,,,,,,,,,,,,,,,,,,,,,,,,,,,,,,,,
pglib_opf_case500_goc__sad,500,733,NaN,7212.97,TIME_LIMIT,INFEASIBLE_POINT, , , ,,,,,,,,,,,,,,,,,,,,,,,,,,,,,,,,,,,,,,,,,,,,,,,,,,
pglib_opf_case3_lmbd__api,3,3,10635.95218,0.052162376,LOCALLY_SOLVED,FEASIBLE_POINT,0,0,Any[],,,,,,,,,,,,,,,,,,,,,,,,,,,,,,,,,,,,,,,,,,,,,,,,,,
pglib_opf_case5_pjm__api,5,6,75190.29094,1.227548914,LOCALLY_SOLVED,FEASIBLE_POINT,0,1,"Any[(1, 5)]",,,,,,,,,,,,,,,,,,,,,,,,,,,,,,,,,,,,,,,,,,,,,,,,,,
pglib_opf_case14_ieee__api,14,20,5999.363383,1.540784872,LOCALLY_SOLVED,FEASIBLE_POINT,-9.01E-08,0,Any[],,,,,,,,,,,,,,,,,,,,,,,,,,,,,,,,,,,,,,,,,,,,,,,,,,
pglib_opf_case24_ieee_rts__api,24,38,119743.1336,13.02416009,LOCALLY_SOLVED,FEASIBLE_POINT,0,2,"Any[(15, 16), (5, 10)]",,,,,,,,,,,,,,,,,,,,,,,,,,,,,,,,,,,,,,,,,,,,,,,,,,
pglib_opf_case30_as__api,30,41,3065.779416,26.60684766,LOCALLY_SOLVED,FEASIBLE_POINT,0,2,"Any[(1, 2), (15, 18)]",,,,,,,,,,,,,,,,,,,,,,,,,,,,,,,,,,,,,,,,,,,,,,,,,,
pglib_opf_case30_ieee__api,30,41,17936.4523,21.87173402,LOCALLY_SOLVED,FEASIBLE_POINT,0,3,"Any[(6, 10), (18, 19), (10, 17)]",,,,,,,,,,,,,,,,,,,,,,,,,,,,,,,,,,,,,,,,,,,,,,,,,,
pglib_opf_case39_epri__api,39,46,246722.9636,21.49308712,LOCALLY_SOLVED,FEASIBLE_POINT,0,2,"Any[(3, 4), (17, 27)]",,,,,,,,,,,,,,,,,,,,,,,,,,,,,,,,,,,,,,,,,,,,,,,,,,
pglib_opf_case57_ieee__api,57,80,49271.85193,148.6028728,LOCALLY_SOLVED,FEASIBLE_POINT,0,3,"Any[(36, 40), (23, 24), (13, 14)]",,,,,,,,,,,,,,,,,,,,,,,,,,,,,,,,,,,,,,,,,,,,,,,,,,
pglib_opf_case73_ieee_rts__api,73,120,385277.3168,1493.430806,LOCALLY_SOLVED,FEASIBLE_POINT,0,10,"Any[(1, 2), (39, 40), (15, 21), (29, 34), (13, 39), (20, 23), (18, 21), (19, 20), (42, 45), (18, 21)]",,,,,,,,,,,,,,,,,,,,,,,,,,,,,,,,,,,,,,,,,,,,,,,,,,
pglib_opf_case89_pegase__api,89,210,100325.3081,4293.27156,LOCALLY_SOLVED,FEASIBLE_POINT,0,21,"Any[(38, 19), (11, 5), (11, 42), (36, 19), (74, 19), (2, 10), (63, 67), (63, 19), (18, 47), (57, 19), (61, 67), (47, 30), (35, 30), (12, 87), (2, 59), (53, 5), (12, 89), (74, 30), (36, 30), (38, 30), (18, 57)]",,,,,,,,,,,,,,,,,,,,,,,,,,,,,,,,,,,,,,,,,,,,,,,,,,
pglib_opf_case118_ieee__api,118,186,181535.8266,6184.675246,LOCALLY_SOLVED,FEASIBLE_POINT,5.19E-09,15,"Any[(50, 57), (63, 59), (74, 75), (41, 42), (19, 20), (49, 66), (8, 30), (11, 12), (55, 56), (12, 16), (40, 42), (14, 15), (65, 66), (2, 12), (51, 58)]",,,,,,,,,,,,,,,,,,,,,,,,,,,,,,,,,,,,,,,,,,,,,,,,,,
pglib_opf_case162_ieee_dtc__api,162,284,116923.762,2124.570751,LOCALLY_SOLVED,FEASIBLE_POINT,4.13E-07,18,"Any[(10, 60), (39, 42), (23, 60), (16, 27), (3, 103), (8, 13), (65, 126), (60, 62), (28, 29), (34, 77), (3, 124), (48, 52), (43, 103), (3, 14), (21, 127), (57, 80), (12, 13), (14, 132)]",,,,,,,,,,,,,,,,,,,,,,,,,,,,,,,,,,,,,,,,,,,,,,,,,,
pglib_opf_case179_goc__api,179,263,NaN,7200.605334,TIME_LIMIT,INFEASIBLE_POINT, , , ,,,,,,,,,,,,,,,,,,,,,,,,,,,,,,,,,,,,,,,,,,,,,,,,,,
pglib_opf_case200_activ__api,200,245,35701.46757,1.533323544,LOCALLY_SOLVED,FEASIBLE_POINT,5.87E-05,0,Any[],,,,,,,,,,,,,,,,,,,,,,,,,,,,,,,,,,,,,,,,,,,,,,,,,,
pglib_opf_case240_pserc__api,240,448,4.64E+06,194.7299774,LOCALLY_SOLVED,FEASIBLE_POINT,0,0,Any[],,,,,,,,,,,,,,,,,,,,,,,,,,,,,,,,,,,,,,,,,,,,,,,,,,
pglib_opf_case300_ieee__api,300,411,NaN,7202.941447,TIME_LIMIT,INFEASIBLE_POINT, , , ,,,,,,,,,,,,,,,,,,,,,,,,,,,,,,,,,,,,,,,,,,,,,,,,,,
pglib_opf_case500_goc__api,500,733,NaN,7237.381166,TIME_LIMIT,INFEASIBLE_POINT, , , ,,,,,,,,,,,,,,,,,,,,,,,,,,,,,,,,,,,,,,,,,,,,,,,,,,
pglib_opf_case3_lmbd,3,3,5812.642989,0.02,LOCALLY_SOLVED,FEASIBLE_POINT,0,0,Any[],,,,,,,,,,,,,,,,,,,,,,,,,,,,,,,,,,,,,,,,,,,,,,,,,,
pglib_opf_case5_pjm,5,6,15174.03192,1.19,LOCALLY_SOLVED,FEASIBLE_POINT,0,1,"Any[(3, 4)]",,,,,,,,,,,,,,,,,,,,,,,,,,,,,,,,,,,,,,,,,,,,,,,,,,
pglib_opf_case14_ieee,14,20,2178.080455,1.47,LOCALLY_SOLVED,FEASIBLE_POINT,3.71E-05,0,Any[],,,,,,,,,,,,,,,,,,,,,,,,,,,,,,,,,,,,,,,,,,,,,,,,,,
pglib_opf_case24_ieee_rts,24,38,63352.20142,0.14,LOCALLY_SOLVED,FEASIBLE_POINT,1.40E-05,0,Any[],,,,,,,,,,,,,,,,,,,,,,,,,,,,,,,,,,,,,,,,,,,,,,,,,,
pglib_opf_case30_as,30,41,803.1273389,0.08,LOCALLY_SOLVED,FEASIBLE_POINT,4.04E-06,0,Any[],,,,,,,,,,,,,,,,,,,,,,,,,,,,,,,,,,,,,,,,,,,,,,,,,,
pglib_opf_case30_ieee,30,41,7579.032384,34.03,LOCALLY_SOLVED,FEASIBLE_POINT,0,1,"Any[(9, 10)]",,,,,,,,,,,,,,,,,,,,,,,,,,,,,,,,,,,,,,,,,,,,,,,,,,
pglib_opf_case39_epri,39,46,137728.7108,7.14,LOCALLY_SOLVED,FEASIBLE_POINT,6.01E-05,3,"Any[(3, 4), (7, 8), (17, 18)]",,,,,,,,,,,,,,,,,,,,,,,,,,,,,,,,,,,,,,,,,,,,,,,,,,
pglib_opf_case57_ieee,57,80,37559.29033,97.89,LOCALLY_SOLVED,FEASIBLE_POINT,2.83E-06,5,"Any[(21, 22), (2, 3), (36, 40), (23, 24), (13, 14)]",,,,,,,,,,,,,,,,,,,,,,,,,,,,,,,,,,,,,,,,,,,,,,,,,,
pglib_opf_case73_ieee_rts,73,120,189764.0782,0.51,LOCALLY_SOLVED,FEASIBLE_POINT,8.96E-06,0,Any[],,,,,,,,,,,,,,,,,,,,,,,,,,,,,,,,,,,,,,,,,,,,,,,,,,
pglib_opf_case89_pegase,89,210,106656.2349,628.02,LOCALLY_SOLVED,FEASIBLE_POINT,0,17,"Any[(82, 57), (41, 30), (74, 19), (63, 67), (63, 19), (12, 30), (18, 47), (21, 19), (61, 67), (12, 18), (85, 65), (76, 9), (12, 89), (87, 89), (74, 30), (63, 30), (9, 22)]",,,,,,,,,,,,,,,,,,,,,,,,,,,,,,,,,,,,,,,,,,,,,,,,,,
pglib_opf_case118_ieee,118,186,96739.77127,511.32,LOCALLY_SOLVED,FEASIBLE_POINT,5.07E-06,7,"Any[(24, 72), (15, 19), (27, 32), (28, 29), (35, 36), (51, 52), (51, 58)]",,,,,,,,,,,,,,,,,,,,,,,,,,,,,,,,,,,,,,,,,,,,,,,,,,
pglib_opf_case162_ieee_dtc,162,284,NaN,7202.01,TIME_LIMIT,INFEASIBLE_POINT, , , ,,,,,,,,,,,,,,,,,,,,,,,,,,,,,,,,,,,,,,,,,,,,,,,,,,
pglib_opf_case179_goc,179,263,NaN,7201.51,TIME_LIMIT,INFEASIBLE_POINT, , , ,,,,,,,,,,,,,,,,,,,,,,,,,,,,,,,,,,,,,,,,,,,,,,,,,,
pglib_opf_case200_activ,200,245,27557.5724,0.93,LOCALLY_SOLVED,FEASIBLE_POINT,1.96E-05,0,Any[],,,,,,,,,,,,,,,,,,,,,,,,,,,,,,,,,,,,,,,,,,,,,,,,,,
pglib_opf_case240_pserc,240,448,NaN,7209.94,TIME_LIMIT,INFEASIBLE_POINT, , , ,,,,,,,,,,,,,,,,,,,,,,,,,,,,,,,,,,,,,,,,,,,,,,,,,,
pglib_opf_case300_ieee,300,411,556086.7019,2553.73,LOCALLY_SOLVED,FEASIBLE_POINT,0,8,"Any[(46, 57), (243, 245), (130, 131), (114, 117), (28, 30), (27, 28), (173, 220), (100, 124)]",,,,,,,,,,,,,,,,,,,,,,,,,,,,,,,,,,,,,,,,,,,,,,,,,,
pglib_opf_case500_goc,500,733,NaN,7204.29,TIME_LIMIT,INFEASIBLE_POINT, , , ,,,,,,,,,,,,,,,,,,,,,,,,,,,nesta_case29_edin__sad,29,99,36038.40135,409.8618184,LOCALLY_SOLVED,FEASIBLE_POINT,1.75E-05,9,"Any[(9, 11), (1, 3), (4, 7), (11, 15), (1, 3), (9, 11), (6, 9), (6, 9), (7, 8)]",9,,,,,,,,,,,,,
,,,,,,,,,,,,,,,,,,,,,,,,,,,,,,,,,,,,,,,,,,,,,,,,,,,,,,,,,,,
pglib_opf_case500_goc__sad,500,733,NaN,10833.24917,TIME_LIMIT,INFEASIBLE_POINT, , , ,17,,,,,,,,,,,,,,,,,,,,,,,,,,,,,,,,,,,,,,,,,,,,,,,,,
pglib_opf_case588_sdet__sad,588,686,329356.3004,241.9114267,LOCALLY_SOLVED,FEASIBLE_POINT,0,0,Any[],18,,,,,,,,,,,,,,,,,,,,,,,,,,,,,,,,,,,,,,,,,,,,,,,,,
pglib_opf_case793_goc__sad,793,913,NaN,970.5506802,LOCALLY_INFEASIBLE,INFEASIBLE_POINT, , , ,19,,,,,,,,,,,,,,,,,,,,,,,,,,,,,,,,,,,,,,,,,,,,,,,,,
pglib_opf_case1354_pegase__sad,1354,1991,NaN,11988.07796,TIME_LIMIT,INFEASIBLE_POINT, , , ,20,,,,,,,,,,,,,,,,,,,,,,,,,,,,,,,,,,,,,,,,,,,,,,,,,
pglib_opf_case1888_rte__sad,1888,2531,NaN,10814.76059,TIME_LIMIT,INFEASIBLE_POINT, , , ,21,,,,,,,,,,,,,,,,,,,,,,,,,,,,,,,,,,,,,,,,,,,,,,,,,
pglib_opf_case1951_rte__sad,1951,2596,2092428.821,535.9617291,LOCALLY_SOLVED,FEASIBLE_POINT,0,0,Any[],22,,,,,,,,,,,,,,,,,,,,,,,,,,,,,,,,,,,,,,,,,,,,,,,,,
pglib_opf_case2000_goc__sad,2000,3639,NaN,10903.73177,TIME_LIMIT,INFEASIBLE_POINT, , , ,23,,,,,,,,,,,,,,,,,,,,,,,,,,,,,,,,,,,,,,,,,,,,,,,,,
pglib_opf_case2312_goc__sad,2312,3013,NaN,4457.080575,ITERATION_LIMIT,INFEASIBLE_POINT, , , ,24,,,,,,,,,,,,,,,,,,,,,,,,,,,,,,,,,,,,,,,,,,,,,,,,,
pglib_opf_case500_goc__api,500,733,NaN,10839.59142,TIME_LIMIT,INFEASIBLE_POINT, , , ,41,,,,,,,,,,,,,,,,,,,,,,,,,,,,,,,,,,,,,,,,,,,,,,,,,
pglib_opf_case588_sdet__api,588,686,NaN,11127.45905,TIME_LIMIT,INFEASIBLE_POINT, , , ,42,,,,,,,,,,,,,,,,,,,,,,,,,,,,,,,,,,,,,,,,,,,,,,,,,
pglib_opf_case793_goc__api,793,913,NaN,996.143674,LOCALLY_INFEASIBLE,INFEASIBLE_POINT, , , ,43,,,,,,,,,,,,,,,,,,,,,,,,,,,,,,,,,,,,,,,,,,,,,,,,,
pglib_opf_case1354_pegase__api,1354,1991,NaN,12096.22721,TIME_LIMIT,INFEASIBLE_POINT, , , ,44,,,,,,,,,,,,,,,,,,,,,,,,,,,,,,,,,,,,,,,,,,,,,,,,,
pglib_opf_case1888_rte__api,1888,2531,NaN,10890.08433,TIME_LIMIT,INFEASIBLE_POINT, , , ,45,,,,,,,,,,,,,,,,,,,,,,,,,,,,,,,,,,,,,,,,,,,,,,,,,
pglib_opf_case1951_rte__api,1951,2596,NaN,10813.30548,TIME_LIMIT,INFEASIBLE_POINT, , , ,46,,,,,,,,,,,,,,,,,,,,,,,,,,,,,,,,,,,,,,,,,,,,,,,,,
pglib_opf_case2000_goc__api,2000,3639,NaN,11013.89066,TIME_LIMIT,INFEASIBLE_POINT, , , ,47,,,,,,,,,,,,,,,,,,,,,,,,,,,,,,,,,,,,,,,,,,,,,,,,,
pglib_opf_case2312_goc__api,2312,3013,NaN,4246.553673,ITERATION_LIMIT,INFEASIBLE_POINT, , , ,48,,,,,,,,,,,,,,,,,,,,,,,,,,,,,,,,,,,,,,,,,,,,,,,,,
pglib_opf_case500_goc,500,733,NaN,10825.4529,TIME_LIMIT,INFEASIBLE_POINT, , , ,65,,,,,,,,,,,,,,,,,,,,,,,,,,,,,,,,,,,,,,,,,,,,,,,,,
pglib_opf_case588_sdet,588,686,NaN,11101.0955,TIME_LIMIT,INFEASIBLE_POINT, , , ,66,,,,,,,,,,,,,,,,,,,,,,,,,,,,,,,,,,,,,,,,,,,,,,,,,
pglib_opf_case793_goc,793,913,NaN,10943.44325,TIME_LIMIT,INFEASIBLE_POINT, , , ,67,,,,,,,,,,,,,,,,,,,,,,,,,,,,,,,,,,,,,,,,,,,,,,,,,
pglib_opf_case1354_pegase,1354,1991,NaN,10845.5934,TIME_LIMIT,INFEASIBLE_POINT, , , ,68,,,,,,,,,,,,,,,,,,,,,,,,,,,,,,,,,,,,,,,,,,,,,,,,,
pglib_opf_case1888_rte,1888,2531,NaN,10829.60819,TIME_LIMIT,INFEASIBLE_POINT, , , ,69,,,,,,,,,,,,,,,,,,,,,,,,,,,,,,,,,,,,,,,,,,,,,,,,,
pglib_opf_case1951_rte,1951,2596,NaN,10822.9849,TIME_LIMIT,INFEASIBLE_POINT, , , ,70,,,,,,,,,,,,,,,,,,,,,,,,,,,,,,,,,,,,,,,,,,,,,,,,,
pglib_opf_case2000_goc,2000,3639,NaN,10832.27089,TIME_LIMIT,INFEASIBLE_POINT, , , ,71,,,,,,,,,,,,,,,,,,,,,,,,,,,,,,,,,,,,,,,,,,,,,,,,,
pglib_opf_case2312_goc,2312,3013,NaN,3079.506282,ITERATION_LIMIT,INFEASIBLE_POINT, , , ,72,,,,,,,,,,,,,,,,,,,,,,,,,,,,,,,,,,,,,,,,,,,,,,,,,
,,,,,,,,,,,,,,,,,,,,,,,,,,,,,,,,,,,,,,,,,,,,,,,,,,,,,,,,,,,
Knitro,,,,,,,,,,,,,,,,,,,,,,,,,,,,,,,,,,,,,,,,,,,,,,,,,,,,,,,,,,,
Instance,Nodes,Edges,Objective_value,Run_time,Solution_status,Primal_status,Opt_gap,Num_off_lines,Off_lines,inst_ind,,,,,,,,,,,,,,,,,,,,,,,,,,,,,,,,,,,,,,,,,,,,,,,,,
pglib_opf_case3_lmbd__sad,3,3,5959.312956,14.99535689,LOCALLY_SOLVED,FEASIBLE_POINT,0,0,Any[],1,,,,,,,,,,,,,,,,,,,,,,,,,,,,,,,,,,,,,,,,,,,,,,,,,
pglib_opf_case5_pjm__sad,5,6,26108.84598,0.269169698,LOCALLY_SOLVED,FEASIBLE_POINT,-1.33E-09,0,Any[],2,,,,,,,,,,,,,,,,,,,,,,,,,,,,,,,,,,,,,,,,,,,,,,,,,
pglib_opf_case14_ieee__sad,14,20,2768.538885,4.424666355,LOCALLY_SOLVED,FEASIBLE_POINT,-0.0000819,0,Any[],3,,,,,,,,,,,,,,,,,,,,,,,,,,,,,,,,,,,,,,,,,,,,,,,,,
pglib_opf_case24_ieee_rts__sad,24,38,76613.00837,78.32553949,LOCALLY_SOLVED,FEASIBLE_POINT,-0.00000347,2,"Any[(1, 2), (8, 9)]",4,,,,,,,,,,,,,,,,,,,,,,,,,,,,,,,,,,,,,,,,,,,,,,,,,
pglib_opf_case30_as__sad,30,41,894.2750008,2.97906927,LOCALLY_SOLVED,FEASIBLE_POINT,-0.0000525,2,"Any[(6, 10), (10, 17)]",5,,,,,,,,,,,,,,,,,,,,,,,,,,,,,,,,,,,,,,,,,,,,,,,,,
pglib_opf_case30_ieee__sad,30,41,8188.571679,33.25962287,LOCALLY_SOLVED,FEASIBLE_POINT,3.70E-05,1,"Any[(9, 10)]",6,,,,,,,,,,,,,,,,,,,,,,,,,,,,,,,,,,,,,,,,,,,,,,,,,
pglib_opf_case39_epri__sad,39,46,147908.8705,40.13826084,LOCALLY_SOLVED,FEASIBLE_POINT,-0.001210599,3,"Any[(2, 25), (6, 11), (5, 6)]",7,,,,,,,,,,,,,,,,,,,,,,,,,,,,,,,,,,,,,,,,,,,,,,,,,
pglib_opf_case57_ieee__sad,57,80,38597.82475,63.97495067,LOCALLY_SOLVED,FEASIBLE_POINT,0.00000569,5,"Any[(22, 38), (12, 17), (36, 40), (4, 5), (3, 15)]",8,,,,,,,,,,,,,,,,,,,,,,,,,,,,,,,,,,,,,,,,,,,,,,,,,
pglib_opf_case73_ieee_rts__sad,73,120,221250.1065,2125.189535,LOCALLY_SOLVED,FEASIBLE_POINT,0.0000271,5,"Any[(23, 41), (32, 33), (15, 16), (16, 19), (40, 43)]",9,,,,,,,,,,,,,,,,,,,,,,,,,,,,,,,,,,,,,,,,,,,,,,,,,
pglib_opf_case89_pegase__sad,89,210,106633.645,953.9702675,LOCALLY_SOLVED,FEASIBLE_POINT,-0.000259785,16,"Any[(82, 57), (23, 30), (36, 19), (74, 19), (63, 67), (18, 47), (30, 19), (21, 19), (61, 67), (47, 30), (35, 30), (57, 30), (12, 89), (87, 89), (74, 30), (18, 57)]",10,,,,,,,,,,,,,,,,,,,,,,,,,,,,,,,,,,,,,,,,,,,,,,,,,
pglib_opf_case118_ieee__sad,118,186,100429.9352,7219.601998,TIME_LIMIT,FEASIBLE_POINT,0.024968999,19,"Any[(54, 56), (50, 57), (47, 49), (54, 55), (18, 19), (41, 42), (27, 32), (17, 31), (15, 33), (52, 53), (56, 58), (55, 56), (40, 42), (65, 66), (34, 43), (62, 66), (19, 34), (49, 54), (66, 67)]",11,,,,,,,,,,,,,,,,,,,,,,,,,,,,,,,,,,,,,,,,,,,,,,,,,
pglib_opf_case162_ieee_dtc__sad,162,284,105645.598,7200.122151,TIME_LIMIT,FEASIBLE_POINT,0.00438825,30,"Any[(10, 60), (16, 127), (13, 15), (19, 127), (23, 60), (16, 27), (67, 68), (8, 15), (3, 103), (47, 48), (27, 125), (44, 103), (8, 14), (8, 12), (27, 127), (14, 72), (28, 29), (12, 14), (48, 52), (43, 103), (33, 35), (17, 21), (3, 14), (1, 5), (62, 126), (12, 132), (14, 132), (17, 19), (53, 11), (37, 126)]",12,,,,,,,,,,,,,,,,,,,,,,,,,,,,,,,,,,,,,,,,,,,,,,,,,
pglib_opf_case179_goc__sad,179,263,762532.5354,2718.582147,LOCALLY_SOLVED,FEASIBLE_POINT,-2.36E+302,0,Any[],13,,,,,,,,,,,,,,,,,,,,,,,,,,,,,,,,,,,,,,,,,,,,,,,,,
pglib_opf_case200_activ__sad,200,245,27558.32531,5.767510389,LOCALLY_SOLVED,FEASIBLE_POINT,0.0000473,7,"Any[(11, 93), (56, 55), (122, 121), (93, 191), (27, 158), (111, 175), (46, 45)]",14,,,,,,,,,,,,,,,,,,,,,,,,,,,,,,,,,,,,,,,,,,,,,,,,,
pglib_opf_case240_pserc__sad,240,448,NaN,57.14100144,LOCALLY_INFEASIBLE,INFEASIBLE_POINT, , , ,15,,,,,,,,,,,,,,,,,,,,,,,,,,,,,,,,,,,,,,,,,,,,,,,,,
pglib_opf_case300_ieee__sad,300,411,559628.9317,1772.804811,LOCALLY_SOLVED,FEASIBLE_POINT,-3.21E+302,15,"Any[(46, 57), (7, 12), (19, 25), (34, 39), (28, 30), (260, 264), (27, 28), (108, 126), (249, 11), (60, 61), (132, 133), (173, 220), (39, 77), (33, 39), (100, 124)]",16,,,,,,,,,,,,,,,,,,,,,,,,,,,,,,,,,,,,,,,,,,,,,,,,,
pglib_opf_case3_lmbd__api,3,3,10635.95268,16.18468687,LOCALLY_SOLVED,FEASIBLE_POINT,-0.000125547,1,"Any[(1, 2)]",25,,,,,,,,,,,,,,,,,,,,,,,,,,,,,,,,,,,,,,,,,,,,,,,,,
pglib_opf_case5_pjm__api,5,6,75190.29277,0.297004046,LOCALLY_SOLVED,FEASIBLE_POINT,-2.12E-10,0,Any[],26,,,,,,,,,,,,,,,,,,,,,,,,,,,,,,,,,,,,,,,,,,,,,,,,,
pglib_opf_case14_ieee__api,14,20,5999.363314,0.616249297,LOCALLY_SOLVED,FEASIBLE_POINT,0,0,Any[],27,,,,,,,,,,,,,,,,,,,,,,,,,,,,,,,,,,,,,,,,,,,,,,,,,
pglib_opf_case24_ieee_rts__api,24,38,119743.1398,14.49771859,LOCALLY_SOLVED,FEASIBLE_POINT,-0.001884814,3,"Any[(15, 16), (4, 9), (5, 10)]",28,,,,,,,,,,,,,,,,,,,,,,,,,,,,,,,,,,,,,,,,,,,,,,,,,
pglib_opf_case30_as__api,30,41,2925.106086,6.342770296,LOCALLY_SOLVED,FEASIBLE_POINT,0.00000416,4,"Any[(1, 2), (15, 18), (6, 9), (6, 8)]",29,,,,,,,,,,,,,,,,,,,,,,,,,,,,,,,,,,,,,,,,,,,,,,,,,
pglib_opf_case30_ieee__api,30,41,17936.45232,2.125705333,LOCALLY_SOLVED,FEASIBLE_POINT,0.000073,3,"Any[(6, 10), (18, 19), (10, 17)]",30,,,,,,,,,,,,,,,,,,,,,,,,,,,,,,,,,,,,,,,,,,,,,,,,,
pglib_opf_case39_epri__api,39,46,246722.9641,21.78611875,LOCALLY_SOLVED,FEASIBLE_POINT,-0.000964387,2,"Any[(3, 4), (17, 27)]",31,,,,,,,,,,,,,,,,,,,,,,,,,,,,,,,,,,,,,,,,,,,,,,,,,
pglib_opf_case57_ieee__api,57,80,49277.85656,23.75056845,LOCALLY_SOLVED,FEASIBLE_POINT,0.0000869,1,"Any[(23, 24)]",32,,,,,,,,,,,,,,,,,,,,,,,,,,,,,,,,,,,,,,,,,,,,,,,,,
pglib_opf_case73_ieee_rts__api,73,120,387328.1349,892.7901642,LOCALLY_SOLVED,FEASIBLE_POINT,-0.001233047,7,"Any[(1, 2), (15, 21), (29, 34), (20, 23), (18, 21), (42, 45), (18, 21)]",33,,,,,,,,,,,,,,,,,,,,,,,,,,,,,,,,,,,,,,,,,,,,,,,,,
pglib_opf_case89_pegase__api,89,210,123031.439,950.2774371,LOCALLY_SOLVED,FEASIBLE_POINT,-1.46E+303,0,Any[],34,,,,,,,,,,,,,,,,,,,,,,,,,,,,,,,,,,,,,,,,,,,,,,,,,
pglib_opf_case118_ieee__api,118,186,210056.5602,440.0089495,LOCALLY_SOLVED,FEASIBLE_POINT,-8.56E+302,7,"Any[(74, 75), (41, 42), (15, 33), (56, 58), (56, 57), (40, 42), (3, 5)]",35,,,,,,,,,,,,,,,,,,,,,,,,,,,,,,,,,,,,,,,,,,,,,,,,,
pglib_opf_case162_ieee_dtc__api,162,284,118378.0857,401.1852267,LOCALLY_SOLVED,FEASIBLE_POINT,-1.52E+303,20,"Any[(10, 60), (16, 127), (39, 42), (13, 15), (23, 60), (16, 17), (67, 68), (8, 15), (3, 103), (8, 13), (8, 12), (60, 62), (28, 29), (48, 52), (43, 103), (17, 21), (3, 14), (21, 127), (57, 80), (12, 13)]",36,,,,,,,,,,,,,,,,,,,,,,,,,,,,,,,,,,,,,,,,,,,,,,,,,
pglib_opf_case179_goc__api,179,263,1932020.475,1967.90513,LOCALLY_SOLVED,FEASIBLE_POINT,-9.30E+301,1,"Any[(146, 145)]",37,,,,,,,,,,,,,,,,,,,,,,,,,,,,,,,,,,,,,,,,,,,,,,,,,
pglib_opf_case200_activ__api,200,245,35700.8379,381.1837359,LOCALLY_SOLVED,FEASIBLE_POINT,0.0000195,0,Any[],38,,,,,,,,,,,,,,,,,,,,,,,,,,,,,,,,,,,,,,,,,,,,,,,,,
pglib_opf_case240_pserc__api,240,448,4638308.69,5993.108189,LOCALLY_SOLVED,FEASIBLE_POINT,-3.88E+301,5,"Any[(109, 152), (109, 152), (158, 195), (77, 78), (34, 78)]",39,,,,,,,,,,,,,,,,,,,,,,,,,,,,,,,,,,,,,,,,,,,,,,,,,
pglib_opf_case300_ieee__api,300,411,684990.4356,7200.907988,TIME_LIMIT,FEASIBLE_POINT,0.001590631,1,"Any[(71, 74)]",40,,,,,,,,,,,,,,,,,,,,,,,,,,,,,,,,,,,,,,,,,,,,,,,,,
pglib_opf_case3_lmbd,3,3,5812.642974,19.18121531,LOCALLY_SOLVED,FEASIBLE_POINT,0,0,Any[],49,,,,,,,,,,,,,,,,,,,,,,,,,,,,,,,,,,,,,,,,,,,,,,,,,
pglib_opf_case5_pjm,5,6,15174.03203,0.275488726,LOCALLY_SOLVED,FEASIBLE_POINT,-0.0000119,1,"Any[(3, 4)]",50,,,,,,,,,,,,,,,,,,,,,,,,,,,,,,,,,,,,,,,,,,,,,,,,,
pglib_opf_case14_ieee,14,20,2178.080428,0.681405109,LOCALLY_SOLVED,FEASIBLE_POINT,0.000000178,0,Any[],51,,,,,,,,,,,,,,,,,,,,,,,,,,,,,,,,,,,,,,,,,,,,,,,,,
pglib_opf_case24_ieee_rts,24,38,63352.20254,0.032455553,LOCALLY_SOLVED,FEASIBLE_POINT,0.000014,0,Any[],52,,,,,,,,,,,,,,,,,,,,,,,,,,,,,,,,,,,,,,,,,,,,,,,,,
pglib_opf_case30_as,30,41,803.1273133,0.037488238,LOCALLY_SOLVED,FEASIBLE_POINT,0.00000448,0,Any[],53,,,,,,,,,,,,,,,,,,,,,,,,,,,,,,,,,,,,,,,,,,,,,,,,,
pglib_opf_case30_ieee,30,41,7579.032297,15.49614435,LOCALLY_SOLVED,FEASIBLE_POINT,0.0000662,2,"Any[(9, 10), (2, 4)]",54,,,,,,,,,,,,,,,,,,,,,,,,,,,,,,,,,,,,,,,,,,,,,,,,,
pglib_opf_case39_epri,39,46,137746.3836,0.504866986,LOCALLY_SOLVED,FEASIBLE_POINT,-0.0000825,3,"Any[(3, 4), (5, 8), (17, 18)]",55,,,,,,,,,,,,,,,,,,,,,,,,,,,,,,,,,,,,,,,,,,,,,,,,,
pglib_opf_case57_ieee,57,80,37559.53695,39.69899199,LOCALLY_SOLVED,FEASIBLE_POINT,0.00000622,1,"Any[(23, 24)]",56,,,,,,,,,,,,,,,,,,,,,,,,,,,,,,,,,,,,,,,,,,,,,,,,,
pglib_opf_case73_ieee_rts,73,120,189764.0815,6.766376354,LOCALLY_SOLVED,FEASIBLE_POINT,0.00000389,0,Any[],57,,,,,,,,,,,,,,,,,,,,,,,,,,,,,,,,,,,,,,,,,,,,,,,,,
pglib_opf_case89_pegase,89,210,106622.9595,7219.648706,TIME_LIMIT,FEASIBLE_POINT,0.000244898,1,"Any[(21, 19)]",58,,,,,,,,,,,,,,,,,,,,,,,,,,,,,,,,,,,,,,,,,,,,,,,,,
pglib_opf_case118_ieee,118,186,96730.66432,1253.349456,LOCALLY_SOLVED,FEASIBLE_POINT,-0.000370508,2,"Any[(49, 54), (19, 20)]",59,,,,,,,,,,,,,,,,,,,,,,,,,,,,,,,,,,,,,,,,,,,,,,,,,
pglib_opf_case162_ieee_dtc,162,284,105161.631,7200.119053,TIME_LIMIT,FEASIBLE_POINT,0.004117615,16,"Any[(16, 27), (8, 13), (43, 124), (8, 12), (65, 126), (48, 50), (12, 14), (27, 65), (26, 75), (3, 124), (55, 162), (48, 52), (2, 13), (21, 127), (33, 34), (27, 62)]",60,,,,,,,,,,,,,,,,,,,,,,,,,,,,,,,,,,,,,,,,,,,,,,,,,
pglib_opf_case179_goc,179,263,754083.7041,1662.777775,LOCALLY_SOLVED,FEASIBLE_POINT,-2.38E+302,2,"Any[(147, 158), (147, 158)]",61,,,,,,,,,,,,,,,,,,,,,,,,,,,,,,,,,,,,,,,,,,,,,,,,,
pglib_opf_case200_activ,200,245,27558.3029,896.9961393,LOCALLY_SOLVED,FEASIBLE_POINT,0.0000415,8,"Any[(11, 93), (56, 55), (122, 121), (93, 191), (66, 158), (27, 158), (111, 175), (46, 45)]",62,,,,,,,,,,,,,,,,,,,,,,,,,,,,,,,,,,,,,,,,,,,,,,,,,
pglib_opf_case240_pserc,240,448,3310000,53.84243584,LOCALLY_SOLVED,FEASIBLE_POINT,-0.000743613,6,"Any[(1, 10), (157, 158), (158, 195), (4, 230), (77, 78), (34, 78)]",63,,,,,,,,,,,,,,,,,,,,,,,,,,,,,,,,,,,,,,,,,,,,,,,,,
pglib_opf_case300_ieee,300,411,559550.0685,2376.207806,LOCALLY_SOLVED,FEASIBLE_POINT,-3.21E+302,15,"Any[(46, 57), (7, 12), (19, 25), (34, 39), (28, 30), (260, 264), (27, 28), (108, 126), (249, 11), (60, 61), (132, 133), (173, 220), (39, 77), (33, 39), (100, 124)]",64,,,,,,,,,,,,,,,,,,,,,,,,,,,,,,,,,,,,,,,,,,,,,,,,,
,,,,,,,,,,,,,,,,,,,,,,,,,,,,,,,,,,,,,,,,,,,,,,,,,,,,,,,,,,,
pglib_opf_case500_goc__sad,,,,,,,,,,17,,,,,,,,,,,,,,,,,,,,,,,,,,,,,,,,,,,,,,,,,,,,,,,,,
pglib_opf_case588_sdet__sad,588,686,313797.1775,10819.9257,TIME_LIMIT,FEASIBLE_POINT,0.009629774,15,"Any[(468, 422), (167, 168), (191, 353), (476, 424), (394, 396), (271, 321), (132, 190), (187, 549), (141, 457), (309, 275), (88, 104), (186, 192), (153, 155), (206, 212), (143, 167)]",18,,,,,,,,,,,,,,,,,,,,,,,,,,,,,,,,,,,,,,,,,,,,,,,,,
pglib_opf_case793_goc__sad,793,913,287680.2036,10800.43266,TIME_LIMIT,FEASIBLE_POINT,0.051405218,3,"Any[(759, 776), (734, 739), (111, 494)]",19,,,,,,,,,,,,,,,,,,,,,,,,,,,,,,,,,,,,,,,,,,,,,,,,,
pglib_opf_case1354_pegase__sad,,,,,,,,,,20,,,,,,,,,,,,,,,,,,,,,,,,,,,,,,,,,,,,,,,,,,,,,,,,,
pglib_opf_case1888_rte__sad,,,,,,,,,,21,,,,,,,,,,,,,,,,,,,,,,,,,,,,,,,,,,,,,,,,,,,,,,,,,
pglib_opf_case1951_rte__sad,1951,2596,2089370.085,10821.92993,TIME_LIMIT,FEASIBLE_POINT,0.002586965,38,"Any[(1737, 638), (347, 1375), (1283, 421), (181, 154), (1530, 1342), (538, 1634), (1783, 1226), (59, 1196), (1388, 1259), (1737, 613), (230, 1375), (726, 615), (213, 1922), (578, 1599), (1375, 1492), (253, 1261), (1926, 1709), (1766, 1231), (520, 129), (156, 177), (576, 253), (556, 1524), (1643, 1434), (367, 1359), (295, 1789), (1150, 618), (184, 1094), (1283, 421), (546, 156), (1841, 1259), (320, 1351), (1865, 1347), (253, 1465), (156, 177), (379, 1731), (1150, 589), (550, 219), (1841, 1259)]",22,,,,,,,,,,,,,,,,,,,,,,,,,,,,,,,,,,,,,,,,,,,,,,,,,
pglib_opf_case2000_goc__sad,2000,3639,NaN,14708.69331,TIME_LIMIT,INFEASIBLE_POINT, , , ,23,,,,,,,,,,,,,,,,,,,,,,,,,,,,,,,,,,,,,,,,,,,,,,,,,
pglib_opf_case2312_goc__sad,2312,3013,461748.3009,10801.56963,TIME_LIMIT,FEASIBLE_POINT,0.031424196,2,"Any[(453, 584), (487, 576)]",24,,,,,,,,,,,,,,,,,,,,,,,,,,,,,,,,,,,,,,,,,,,,,,,,,
pglib_opf_case500_goc__api,,,675967.8864,6684.574646,,,,,,41,,,,,,,,,,,,,,,,,,,,,,,,,,,,,,,,,,,,,,,,,,,,,,,,,
pglib_opf_case588_sdet__api,588,686,391950.9576,10819.86703,TIME_LIMIT,FEASIBLE_POINT,0.002333348,15,"Any[(47, 48), (167, 135), (265, 268), (190, 193), (440, 441), (9, 76), (185, 196), (66, 75), (354, 390), (190, 192), (139, 173), (3, 14), (184, 185), (21, 25), (4, 65)]",42,,,,,,,,,,,,,,,,,,,,,,,,,,,,,,,,,,,,,,,,,,,,,,,,,
pglib_opf_case793_goc__api,793,913,323022.9523,10800.35832,TIME_LIMIT,FEASIBLE_POINT,0.099911843,7,"Any[(135, 536), (36, 58), (588, 600), (357, 358), (296, 299), (463, 474), (283, 297)]",43,,,,,,,,,,,,,,,,,,,,,,,,,,,,,,,,,,,,,,,,,,,,,,,,,
pglib_opf_case1354_pegase__api,1354,1991,1498332.405,10800.87924,TIME_LIMIT,FEASIBLE_POINT,0.00444617,58,"Any[(583, 629), (273, 684), (43, 320), (600, 399), (960, 57), (758, 479), (1130, 1157), (758, 89), (1132, 958), (66, 1019), (1039, 925), (272, 462), (205, 1018), (758, 464), (187, 810), (490, 720), (80, 886), (1140, 440), (500, 198), (516, 890), (7, 324), (660, 1342), (875, 532), (904, 1022), (528, 315), (915, 1328), (692, 1040), (291, 978), (856, 412), (590, 1247), (2, 761), (604, 399), (1082, 198), (848, 1185), (785, 547), (1046, 1350), (288, 399), (134, 898), (1130, 1157), (249, 685), (964, 478), (792, 901), (297, 1172), (413, 981), (444, 309), (1289, 258), (758, 451), (273, 684), (2, 761), (85, 454), (923, 239), (923, 239), (1333, 367), (1082, 257), (660, 1342), (1232, 452), (65, 669), (793, 376)]",44,,,,,,,,,,,,,,,,,,,,,,,,,,,,,,,,,,,,,,,,,,,,,,,,,
pglib_opf_case1888_rte__api,1888,2531,1951676.112,538.9227498,LOCALLY_SOLVED,FEASIBLE_POINT,-0.001364807,2,"Any[(485, 62), (1675, 641)]",45,,,,,,,,,,,,,,,,,,,,,,,,,,,,,,,,,,,,,,,,,,,,,,,,,
pglib_opf_case1951_rte__api,,,,,,,,,,46,,,,,,,,,,,,,,,,,,,,,,,,,,,,,,,,,,,,,,,,,,,,,,,,,
pglib_opf_case2000_goc__api,,,1469328.145,10820.87353,TIME_LIMIT,FEASIBLE_POINT,0.0188,,,47,,,,,,,,,,,,,,,,,,,Instance,Nodes,Edges,Objective_value,Run_time,Solution_status,Primal_status,Opt_gap,Num_off_lines,Off_lines,inst_ind,,,,,,,,,,,,,,,,,,,,
pglib_opf_case2312_goc__api,2312,3013,571446.1208,10819.84478,TIME_LIMIT,FEASIBLE_POINT,0.124851706,5,"Any[(622, 623), (613, 628), (1980, 2091), (821, 632), (1902, 1917)]",48,,,,,,,,,,,,,,,,,,,,,,,,,,,,,,,,,,,,,,,,,,,,,,,,,
pglib_opf_case500_goc,,,455894.1126,4943.380572,,,,,,65,,,,,,,,,,,,,,,,,,,,,,,,,,,,,,,,,,,,,,,,,,,,,,,,,
pglib_opf_case588_sdet,588,686,310016.0489,9992.861268,LOCALLY_SOLVED,FEASIBLE_POINT,-5.80E+302,6,"Any[(191, 353), (2, 3), (153, 178), (184, 185), (142, 577), (393, 406)]",66,,,,,,,,,,,,,,,,,,,,,,,,,,,,,,,,,,,,,,,,,,,,,,,,,
pglib_opf_case793_goc,793,913,259097.8424,10800.43604,TIME_LIMIT,FEASIBLE_POINT,0.007884248,16,"Any[(285, 289), (47, 72), (164, 169), (334, 339), (329, 347), (426, 455), (329, 348), (577, 638), (48, 125), (226, 241), (395, 403), (529, 540), (226, 745), (399, 410), (71, 72), (321, 335)]",67,,,,,,,,,,,,,,,,,,,,,,,,,,,,,,,,,,,,,,,,,,,,,,,,,
pglib_opf_case1354_pegase,1354,1991,1259151.159,10800.73935,TIME_LIMIT,FEASIBLE_POINT,0.014363695,36,"Any[(1063, 1352), (206, 604), (1016, 331), (600, 399), (706, 1183), (1247, 1275), (1104, 399), (709, 555), (1016, 331), (273, 257), (424, 428), (881, 506), (1140, 440), (516, 890), (437, 654), (152, 1094), (2, 761), (64, 399), (66, 16), (9, 1043), (1016, 766), (785, 547), (66, 16), (91, 498), (1061, 893), (964, 478), (262, 399), (593, 431), (600, 399), (2, 761), (1063, 1352), (152, 1094), (1082, 257), (910, 604), (1265, 577), (435, 485)]",68,,,,,,,,,,,,,,,,,,,,,,,,,,,,,,,,,,,,,,,,,,,,,,,,,
pglib_opf_case1888_rte,1888,2531,1375888.317,10801.2796,TIME_LIMIT,FEASIBLE_POINT,0.001395924,1,"Any[(1515, 1494)]",69,,,,,,,,,,,,,,,,,,,,,,,,,,,,,,,,,,,,,,,,,,,,,,,,,
pglib_opf_case1951_rte,1951,2596,2085530.313,10801.05391,TIME_LIMIT,FEASIBLE_POINT,0.000722593,2,"Any[(1530, 1342), (1417, 638)]",70,,,,,,,,,,,,,,,,,,,,,,,,,,,,,,,,,,,,,,,,,,,,,,,,,
pglib_opf_case2000_goc,,,,,,,,,,71,,,,,,,,,,,,,,,,,,,,,,,,,,,,,,,,,,,,,,,,,,,,,,,,,
pglib_opf_case2312_goc,2312,3013,441456.651,10821.68789,TIME_LIMIT,FEASIBLE_POINT,0.017005792,3,"Any[(1638, 1696), (2200, 309), (1638, 1695)]",72,,,,,,,,,,,,,,,,,,,,,,,,,,,,,Instance,Nodes,Edges,Objective_value,Run_time,Solution_status,Primal_status,Opt_gap,Num_off_lines,Off_lines,inst_indInstance,Nodes,Edges,Objective_value,Run_time,Solution_status,Primal_status,Opt_gap,Num_off_lines,Off_lines,inst_ind